,Cement,Blast Furnace Slag _component_2,Fly Ash _component_3,Water_component_4,Superplasticizer_component_5,Coarse Aggregate_component_6,Fine Aggregate_component_7,Age_day,Predictions
0,1.8245453793331874,-1.2895168921837101,-0.7311026499474121,-0.5517186033577813,-0.5068192418730734,0.9897124739647246,-0.9302005878689117,-0.06059945805269314,59.657499999999985
1,1.8245453793331874,-1.2895168921837101,-0.7311026499474121,-0.5517186033577813,-0.5068192418730734,1.1760358341922017,-0.9302005878689117,-0.06059945805269314,59.657499999999985
2,0.3687609351873172,0.7909701035376525,-0.7311026499474121,1.5879301002693242,-1.6567063662094799,-0.4368065565424707,-1.9043420496244579,1.616968161912824,44.01699999999999
3,0.3687609351873172,0.7909701035376525,-0.7311026499474121,1.5879301002693242,-1.6567063662094799,-0.4368065565424707,-1.9043420496244579,1.8425490770861426,44.3475
4,-1.1759489154069234,0.7603962544399906,-0.7311026499474121,0.5115231820011663,-1.6567063662094799,0.195301839972374,0.575254643651686,1.832223618689928,26.47
5,-0.3004697629728457,0.6982204470558939,-0.7311026499474121,1.5879301002693242,-1.6567063662094799,-0.4368065565424707,-0.9973677215263984,0.7978154602354526,41.55049999999999
6,0.7694567321623351,0.622570590635772,-0.7311026499474121,1.5879301002693242,-1.6567063662094799,-0.4368065565424707,-1.9043420496244579,1.8425490770861426,49.216499999999996
7,0.7694567321623351,0.622570590635772,-0.7311026499474121,1.5879301002693242,-1.6567063662094799,-0.4368065565424707,-1.9043420496244579,-0.06059945805269314,43.048000000000016
8,-0.3004697629728457,0.6982204470558939,-0.7311026499474121,1.5879301002693242,-1.6567063662094799,-0.4368065565424707,-0.9973677215263984,-0.06059945805269314,40.721999999999994
9,1.4393623121420496,-1.2895168921837101,-0.7311026499474121,1.5879301002693242,-1.6567063662094799,-0.4368065565424707,-1.9043420496244579,-0.06059945805269314,44.736000000000004
10,-1.1759489154069234,0.7603962544399906,-0.7311026499474121,0.5115231820011663,-1.6567063662094799,0.195301839972374,0.575254643651686,0.7978154602354526,26.0445
11,-1.1759489154069234,0.7603962544399906,-0.7311026499474121,0.5115231820011663,-1.6567063662094799,0.195301839972374,0.575254643651686,-0.06059945805269314,24.679
12,1.123012824765797,0.33653993794302733,-0.7311026499474121,1.5879301002693242,-1.6567063662094799,-0.4368065565424707,-1.9043420496244579,1.616968161912824,50.72949999999999
13,-1.3084803147982493,0.9107548348695441,-0.7311026499474121,1.5879301002693242,-1.6567063662094799,-0.4368065565424707,-0.9973677215263984,0.7978154602354526,25.73
14,0.09994499924708301,0.5301812610938581,-0.7311026499474121,1.5879301002693242,-1.6567063662094799,-0.4368065565424707,-0.9973677215263984,-0.06059945805269314,40.99399999999999
15,0.7694567321623351,-1.2895168921837101,-0.7311026499474121,1.5879301002693242,-1.6567063662094799,-0.4368065565424707,-0.9973677215263984,0.7978154602354526,45.71849999999999
16,-2.2303649464830557,0.9512797247457929,-0.7311026499474121,0.5115231820011663,-1.6567063662094799,1.0769951991378144,0.40351683011762174,0.7978154602354526,22.798000000000002
17,0.45328234535282236,0.24521491885485555,-0.7311026499474121,1.5879301002693242,-1.6567063662094799,-0.4368065565424707,-0.9973677215263984,1.8425490770861426,46.0775
18,0.7694567321623351,0.622570590635772,-0.7311026499474121,1.5879301002693242,-1.6567063662094799,-0.4368065565424707,-1.9043420496244579,0.7978154602354526,44.614
19,1.4393623121420496,-1.2895168921837101,-0.7311026499474121,1.5879301002693242,-1.6567063662094799,-0.4368065565424707,-1.9043420496244579,1.3139898733736755,49.1125
20,1.123012824765797,0.33653993794302733,-0.7311026499474121,1.5879301002693242,-1.6567063662094799,-0.4368065565424707,-1.9043420496244579,1.3139898733736755,49.15399999999999
21,-2.2303649464830557,0.9512797247457929,-0.7311026499474121,0.5115231820011663,-1.6567063662094799,1.0769951991378144,0.40351683011762174,-0.06059945805269314,22.343
22,-2.2303649464830557,0.9512797247457929,-0.7311026499474121,0.5115231820011663,-1.6567063662094799,1.0769951991378144,0.40351683011762174,-1.5476362089796412,10.872
23,-2.2303649464830557,0.9512797247457929,-0.7311026499474121,0.5115231820011663,-1.6567063662094799,1.0769951991378144,0.40351683011762174,1.3139898733736755,23.160000000000004
24,0.7694567321623351,-1.2895168921837101,-0.7311026499474121,1.5879301002693242,-1.6567063662094799,-0.4368065565424707,-0.9973677215263984,1.8425490770861426,49.216499999999996
25,0.7694567321623351,-1.2895168921837101,-0.7311026499474121,1.5879301002693242,-1.6567063662094799,-0.4368065565424707,-0.9973677215263984,1.616968161912824,47.449999999999996
26,0.7694567321623351,0.622570590635772,-0.7311026499474121,1.5879301002693242,-1.6567063662094799,-0.4368065565424707,-1.9043420496244579,1.616968161912824,47.449999999999996
27,0.45328234535282236,0.24521491885485555,-0.7311026499474121,1.5879301002693242,-1.6567063662094799,-0.4368065565424707,-0.9973677215263984,1.3139898733736755,45.296
28,1.123012824765797,0.33653993794302733,-0.7311026499474121,1.5879301002693242,-1.6567063662094799,-0.4368065565424707,-1.9043420496244579,-0.06059945805269314,45.471999999999994
29,1.4393623121420496,-1.2895168921837101,-0.7311026499474121,1.5879301002693242,-1.6567063662094799,-0.4368065565424707,-1.9043420496244579,-1.027325978274076,36.97350000000001
30,0.09994499924708301,0.5301812610938581,-0.7311026499474121,1.5879301002693242,-1.6567063662094799,-0.4368065565424707,-0.9973677215263984,1.8425490770861426,43.8745
31,-0.3004697629728457,0.6982204470558939,-0.7311026499474121,1.5879301002693242,-1.6567063662094799,-0.4368065565424707,-0.9973677215263984,1.8425490770861426,43.210499999999996
32,-1.1759489154069234,0.7603962544399906,-0.7311026499474121,0.5115231820011663,-1.6567063662094799,0.195301839972374,0.575254643651686,1.3139898733736755,26.288999999999998
33,1.4393623121420496,-1.2895168921837101,-0.7311026499474121,1.5879301002693242,-1.6567063662094799,-0.4368065565424707,-1.9043420496244579,1.616968161912824,50.68799999999999
34,-1.3084803147982493,0.9107548348695441,-0.7311026499474121,1.5879301002693242,-1.6567063662094799,-0.4368065565424707,-0.9973677215263984,1.8425490770861426,26.0185
35,-0.6401473379967786,1.0037947912187435,-0.7311026499474121,1.5879301002693242,-1.6567063662094799,-0.4368065565424707,-1.9043420496244579,1.616968161912824,30.381
36,-0.6401473379967786,1.0037947912187435,-0.7311026499474121,1.5879301002693242,-1.6567063662094799,-0.4368065565424707,-1.9043420496244579,-0.06059945805269314,27.032
37,0.3687609351873172,0.7909701035376525,-0.7311026499474121,1.5879301002693242,-1.6567063662094799,-0.4368065565424707,-1.9043420496244579,0.7978154602354526,42.5565
38,1.4393623121420496,-1.2895168921837101,-0.7311026499474121,1.5879301002693242,-1.6567063662094799,-0.4368065565424707,-1.9043420496244579,0.7978154602354526,47.7535
39,-0.6401473379967786,1.0037947912187435,-0.7311026499474121,1.5879301002693242,-1.6567063662094799,-0.4368065565424707,-1.9043420496244579,1.3139898733736755,30.4005
40,0.45328234535282236,0.24521491885485555,-0.7311026499474121,1.5879301002693242,-1.6567063662094799,-0.4368065565424707,-0.9973677215263984,0.7978154602354526,44.5245
41,1.123012824765797,0.33653993794302733,-0.7311026499474121,1.5879301002693242,-1.6567063662094799,-0.4368065565424707,-1.9043420496244579,1.8425490770861426,52.701999999999984
42,-0.6401473379967786,1.0037947912187435,-0.7311026499474121,1.5879301002693242,-1.6567063662094799,-0.4368065565424707,-1.9043420496244579,1.8425490770861426,30.464000000000006
43,0.7694567321623351,-1.2895168921837101,-0.7311026499474121,1.5879301002693242,-1.6567063662094799,-0.4368065565424707,-0.9973677215263984,1.3139898733736755,46.570499999999996
44,1.123012824765797,0.33653993794302733,-0.7311026499474121,1.5879301002693242,-1.6567063662094799,-0.4368065565424707,-1.9043420496244579,0.7978154602354526,47.795
45,1.123012824765797,0.33653993794302733,-0.7311026499474121,1.5879301002693242,-1.6567063662094799,-0.4368065565424707,-1.9043420496244579,-1.027325978274076,37.29950000000001
46,0.5140765184921375,-1.2895168921837101,-0.7311026499474121,0.5115231820011663,-1.6567063662094799,1.0769951991378144,0.40351683011762174,-1.5476362089796412,21.074499999999997
47,0.7694567321623351,0.622570590635772,-0.7311026499474121,1.5879301002693242,-1.6567063662094799,-0.4368065565424707,-1.9043420496244579,1.3139898733736755,45.9755
48,-0.6401473379967786,1.0037947912187435,-0.7311026499474121,1.5879301002693242,-1.6567063662094799,-0.4368065565424707,-1.9043420496244579,-1.027325978274076,26.77199999999999
49,0.7694567321623351,0.622570590635772,-0.7311026499474121,1.5879301002693242,-1.6567063662094799,-0.4368065565424707,-1.9043420496244579,-1.027325978274076,32.886500000000005
50,0.3687609351873172,0.7909701035376525,-0.7311026499474121,1.5879301002693242,-1.6567063662094799,-0.4368065565424707,-1.9043420496244579,1.3139898733736755,44.0115
51,-1.3084803147982493,0.9107548348695441,-0.7311026499474121,1.5879301002693242,-1.6567063662094799,-0.4368065565424707,-0.9973677215263984,1.3139898733736755,25.9695
52,-0.6401473379967786,1.0037947912187435,-0.7311026499474121,1.5879301002693242,-1.6567063662094799,-0.4368065565424707,-1.9043420496244579,0.7978154602354526,30.15
53,0.09994499924708301,0.5301812610938581,-0.7311026499474121,1.5879301002693242,-1.6567063662094799,-0.4368065565424707,-0.9973677215263984,0.7978154602354526,42.06400000000001
54,-2.2303649464830557,0.9512797247457929,-0.7311026499474121,0.5115231820011663,-1.6567063662094799,1.0769951991378144,0.40351683011762174,-1.027325978274076,11.044
55,-1.1759489154069234,0.7603962544399906,-0.7311026499474121,0.5115231820011663,-1.6567063662094799,0.195301839972374,0.575254643651686,-1.027325978274076,13.5615
56,1.4393623121420496,-1.2895168921837101,-0.7311026499474121,1.5879301002693242,-1.6567063662094799,-0.4368065565424707,-1.9043420496244579,1.8425490770861426,52.07549999999999
57,-1.1759489154069234,0.7603962544399906,-0.7311026499474121,0.5115231820011663,-1.6567063662094799,0.195301839972374,0.575254643651686,-1.5476362089796412,11.553500000000001
58,0.09994499924708301,0.5301812610938581,-0.7311026499474121,1.5879301002693242,-1.6567063662094799,-0.4368065565424707,-0.9973677215263984,1.3139898733736755,43.519000000000005
59,0.3687609351873172,0.7909701035376525,-0.7311026499474121,1.5879301002693242,-1.6567063662094799,-0.4368065565424707,-1.9043420496244579,-0.06059945805269314,41.38099999999999
60,0.09994499924708301,0.5301812610938581,-0.7311026499474121,1.5879301002693242,-1.6567063662094799,-0.4368065565424707,-0.9973677215263984,1.616968161912824,43.544
61,-0.3004697629728457,0.6982204470558939,-0.7311026499474121,1.5879301002693242,-1.6567063662094799,-0.4368065565424707,-0.9973677215263984,1.616968161912824,42.665499999999994
62,0.15856781203597992,-1.2895168921837101,-0.7311026499474121,0.5115231820011663,-1.6567063662094799,0.09652512633150016,0.8009802683193955,-1.5476362089796412,14.378499999999999
63,-1.3084803147982493,0.9107548348695441,-0.7311026499474121,1.5879301002693242,-1.6567063662094799,-0.4368065565424707,-0.9973677215263984,1.616968161912824,25.9695
64,-0.3004697629728457,0.6982204470558939,-0.7311026499474121,1.5879301002693242,-1.6567063662094799,-0.4368065565424707,-0.9973677215263984,1.3139898733736755,42.762
65,0.45328234535282236,0.24521491885485555,-0.7311026499474121,1.5879301002693242,-1.6567063662094799,-0.4368065565424707,-0.9973677215263984,1.616968161912824,45.553000000000004
66,-2.2303649464830557,0.9512797247457929,-0.7311026499474121,0.5115231820011663,-1.6567063662094799,1.0769951991378144,0.40351683011762174,1.832223618689928,23.341
67,0.3687609351873172,0.7909701035376525,-0.7311026499474121,1.5879301002693242,-1.6567063662094799,-0.4368065565424707,-1.9043420496244579,-1.027325978274076,26.502
68,-1.3084803147982493,0.9107548348695441,-0.7311026499474121,1.5879301002693242,-1.6567063662094799,-0.4368065565424707,-0.9973677215263984,-0.06059945805269314,24.536
69,1.5019260879319,-1.2895168921837101,-0.7311026499474121,-1.2019589972092455,-1.6567063662094799,1.9539847929917558,0.33880029003707085,-0.06059945805269314,59.33049999999999
70,0.7216905035207168,0.9089965197135969,-0.7311026499474121,-0.2464914068889549,0.5525824287521588,-0.5194263770833659,-0.08050438339412144,-1.5476362089796412,26.7625
71,0.1903301105226517,1.045077016211942,-0.7311026499474121,-0.05093209269164662,0.4193226437778501,1.0757524126732088,-1.6819347632581114,-1.5476362089796412,19.6815
72,1.1054047627032701,0.6691879743719117,-0.7311026499474121,-0.8887796436330759,0.9704529791837063,-1.6028051594496255,1.117626865833445,-1.5476362089796412,34.5575
73,1.1054047627032701,0.6691879743719117,-0.7311026499474121,-0.9749104983562368,1.074475207913065,-0.3810897624914574,0.3735723703773421,-1.5476362089796412,35.663999999999994
74,0.7297043810147513,0.6173011127173677,-0.7311026499474121,-2.0927070526545135,1.275540278872166,-1.6028051594496255,1.964562377955886,-1.5476362089796412,36.82699999999999
75,1.4393623121420496,0.7153506552742523,-0.7311026499474121,0.14564939686064116,0.44756735964606637,-1.6028051594496255,0.16249472937272455,-1.5476362089796412,29.278
76,1.4011900131287027,0.7097180598860111,-0.7311026499474121,-1.5632028060779282,1.5582170518307035,-1.6028051594496255,0.7109607873128795,-1.5476362089796412,43.68599999999999
77,1.1054047627032701,0.6691879743719117,-0.7311026499474121,-0.8887796436330759,0.9704529791837063,-1.6028051594496255,1.117626865833445,-1.5476362089796412,34.5575
78,0.8366258829094803,0.6316356299619239,-0.7311026499474121,-0.7120490266012545,0.704645105552559,-1.6028051594496255,1.4386354356481976,-1.5476362089796412,27.521500000000003
79,1.775759963090733,-1.2895168921837101,-0.7311026499474121,-1.384395143945405,1.4403784389019036,-1.6028051594496255,1.1734913616006317,-1.5476362089796412,53.77149999999998
80,1.1054047627032701,0.6691879743719117,-0.7311026499474121,-0.8887796436330759,0.9704529791837063,-1.6028051594496255,1.117626865833445,-1.5476362089796412,34.5575
81,0.24253344054856465,0.9574069663655649,-0.7311026499474121,-0.7997940094445819,0.8471374760357301,-1.6028051594496255,1.0604896729147244,-1.5476362089796412,14.2165
82,0.9368914975809483,0.6212594222073595,-0.7311026499474121,-1.1423035138707718,0.654238983907062,-0.2318342749010083,0.8142583702739156,-1.5476362089796412,46.94649999999999
83,0.6287912085609744,0.9085557853532248,-0.7311026499474121,-0.44073087773283653,0.6689253906431722,-0.2607225249989117,-0.0894717695510699,-1.5476362089796412,25.2945
84,0.28829111096561133,1.0766448167123586,-0.7311026499474121,0.23827978090808108,0.5689735935901935,-0.2882948455459728,-1.1118005594869906,-1.5476362089796412,21.630999999999997
85,0.7655050451590991,0.8156277871562662,-0.7311026499474121,-0.8725065734919942,0.9384306326290517,2.1190714909911197,-1.766127293675925,-1.5476362089796412,30.564999999999998
86,0.6287912085609744,0.9085557853532248,-0.7311026499474121,-0.44073087773283653,0.6689253906431722,-0.2607225249989117,-0.0894717695510699,-1.5476362089796412,25.2945
87,-0.07996000412409454,0.9340044040851992,-0.7311026499474121,-1.2578643069471356,0.6393137633699955,0.5391233743067438,0.3735723703773421,-1.5476362089796412,17.401999999999997
88,0.6287912085609744,0.9085557853532248,-0.7311026499474121,-0.44073087773283653,0.6689253906431722,-0.2607225249989117,-0.0894717695510699,-1.5476362089796412,25.2945
89,1.2027086882829656,0.8812253583121047,-0.7311026499474121,0.3127611989489435,0.6317591459188523,-1.1114530304837489,-0.5828019651551696,-1.5476362089796412,29.826500000000003
90,0.8466501637659496,0.9085557853532248,-0.7311026499474121,-1.206241818994586,1.2213036947508558,-0.2607225249989117,-0.0894717695510699,-1.5476362089796412,38.75049999999999
91,0.6287912085609744,0.9085557853532248,-0.7311026499474121,-0.44073087773283653,0.6689253906431722,-0.2607225249989117,-0.0894717695510699,-1.5476362089796412,25.2945
92,0.4170954954232024,0.9085557853532248,-0.7311026499474121,-0.07236323611563836,0.501575927162354,-0.2607225249989117,-0.0894717695510699,-1.5476362089796412,19.490000000000002
93,0.7216905035207168,0.9089965197135969,-0.7311026499474121,-0.2464914068889549,0.5525824287521588,-0.5194263770833659,-0.08050438339412144,-1.027325978274076,31.779499999999995
94,0.1903301105226517,1.045077016211942,-0.7311026499474121,-0.05093209269164662,0.4193226437778501,1.0757524126732088,-1.6819347632581114,-1.027325978274076,22.887000000000004
95,1.1054047627032701,0.6691879743719117,-0.7311026499474121,-0.8887796436330759,0.9704529791837063,-1.6028051594496255,1.117626865833445,-1.027325978274076,37.723
96,1.1054047627032701,0.6691879743719117,-0.7311026499474121,-0.9749104983562368,1.074475207913065,-0.3810897624914574,0.3735723703773421,-1.027325978274076,39.354499999999994
97,0.7297043810147513,0.6173011127173677,-0.7311026499474121,-2.0927070526545135,1.275540278872166,-1.6028051594496255,1.964562377955886,-1.027325978274076,38.3125
98,1.4393623121420496,0.7153506552742523,-0.7311026499474121,0.14564939686064116,0.44756735964606637,-1.6028051594496255,0.16249472937272455,-1.027325978274076,34.471000000000004
99,1.4011900131287027,0.7097180598860111,-0.7311026499474121,-1.5632028060779282,1.5582170518307035,-1.6028051594496255,0.7109607873128795,-1.027325978274076,46.0175
100,1.1054047627032701,0.6691879743719117,-0.7311026499474121,-0.8887796436330759,0.9704529791837063,-1.6028051594496255,1.117626865833445,-1.027325978274076,37.723
101,0.8366258829094803,0.6316356299619239,-0.7311026499474121,-0.7120490266012545,0.704645105552559,-1.6028051594496255,1.4386354356481976,-1.027325978274076,31.0875
102,1.775759963090733,-1.2895168921837101,-0.7311026499474121,-1.384395143945405,1.4403784389019036,-1.6028051594496255,1.1734913616006317,-1.027325978274076,55.78599999999998
103,1.1054047627032701,0.6691879743719117,-0.7311026499474121,-0.8887796436330759,0.9704529791837063,-1.6028051594496255,1.117626865833445,-1.027325978274076,37.723
104,0.24253344054856465,0.9574069663655649,-0.7311026499474121,-0.7997940094445819,0.8471374760357301,-1.6028051594496255,1.0604896729147244,-1.027325978274076,16.837
105,0.9368914975809483,0.6212594222073595,-0.7311026499474121,-1.1423035138707718,0.654238983907062,-0.2318342749010083,0.8142583702739156,-1.027325978274076,51.12749999999998
106,0.6287912085609744,0.9085557853532248,-0.7311026499474121,-0.44073087773283653,0.6689253906431722,-0.2607225249989117,-0.0894717695510699,-1.027325978274076,31.103500000000004
107,0.28829111096561133,1.0766448167123586,-0.7311026499474121,0.23827978090808108,0.5689735935901935,-0.2882948455459728,-1.1118005594869906,-1.027325978274076,27.3765
108,0.7655050451590991,0.8156277871562662,-0.7311026499474121,-0.8725065734919942,0.9384306326290517,2.1190714909911197,-1.766127293675925,-1.027325978274076,35.57849999999999
109,0.6287912085609744,0.9085557853532248,-0.7311026499474121,-0.44073087773283653,0.6689253906431722,-0.2607225249989117,-0.0894717695510699,-1.027325978274076,31.103500000000004
110,-0.07996000412409454,0.9340044040851992,-0.7311026499474121,-1.2578643069471356,0.6393137633699955,0.5391233743067438,0.3735723703773421,-1.027325978274076,18.625999999999998
111,0.6287912085609744,0.9085557853532248,-0.7311026499474121,-0.44073087773283653,0.6689253906431722,-0.2607225249989117,-0.0894717695510699,-1.027325978274076,31.103500000000004
112,1.2027086882829656,0.8812253583121047,-0.7311026499474121,0.3127611989489435,0.6317591459188523,-1.1114530304837489,-0.5828019651551696,-1.027325978274076,35.50950000000002
113,0.8466501637659496,0.9085557853532248,-0.7311026499474121,-1.206241818994586,1.2213036947508558,-0.2607225249989117,-0.0894717695510699,-1.027325978274076,45.338499999999996
114,0.6287912085609744,0.9085557853532248,-0.7311026499474121,-0.44073087773283653,0.6689253906431722,-0.2607225249989117,-0.0894717695510699,-1.027325978274076,31.103500000000004
115,0.4170954954232024,0.9085557853532248,-0.7311026499474121,-0.07236323611563836,0.501575927162354,-0.2607225249989117,-0.0894717695510699,-1.027325978274076,25.786499999999997
116,0.7216905035207168,0.9089965197135969,-0.7311026499474121,-0.2464914068889549,0.5525824287521588,-0.5194263770833659,-0.08050438339412144,-0.06059945805269314,42.88850000000001
117,0.1903301105226517,1.045077016211942,-0.7311026499474121,-0.05093209269164662,0.4193226437778501,1.0757524126732088,-1.6819347632581114,-0.06059945805269314,40.699
118,1.1054047627032701,0.6691879743719117,-0.7311026499474121,-0.8887796436330759,0.9704529791837063,-1.6028051594496255,1.117626865833445,-0.06059945805269314,49.71249999999999
119,1.1054047627032701,0.6691879743719117,-0.7311026499474121,-0.9749104983562368,1.074475207913065,-0.3810897624914574,0.3735723703773421,-0.06059945805269314,52.144999999999996
120,0.7297043810147513,0.6173011127173677,-0.7311026499474121,-2.0927070526545135,1.275540278872166,-1.6028051594496255,1.964562377955886,-0.06059945805269314,49.817499999999995
121,1.4393623121420496,0.7153506552742523,-0.7311026499474121,0.14564939686064116,0.44756735964606637,-1.6028051594496255,0.16249472937272455,-0.06059945805269314,44.2575
122,1.4011900131287027,0.7097180598860111,-0.7311026499474121,-1.5632028060779282,1.5582170518307035,-1.6028051594496255,0.7109607873128795,-0.06059945805269314,57.534499999999994
123,1.1054047627032701,0.6691879743719117,-0.7311026499474121,-0.8887796436330759,0.9704529791837063,-1.6028051594496255,1.117626865833445,-0.06059945805269314,49.71249999999999
124,0.8366258829094803,0.6316356299619239,-0.7311026499474121,-0.7120490266012545,0.704645105552559,-1.6028051594496255,1.4386354356481976,-0.06059945805269314,44.4015
125,1.775759963090733,-1.2895168921837101,-0.7311026499474121,-1.384395143945405,1.4403784389019036,-1.6028051594496255,1.1734913616006317,-0.06059945805269314,68.78999999999999
126,1.1054047627032701,0.6691879743719117,-0.7311026499474121,-0.8887796436330759,0.9704529791837063,-1.6028051594496255,1.117626865833445,-0.06059945805269314,49.71249999999999
127,0.24253344054856465,0.9574069663655649,-0.7311026499474121,-0.7997940094445819,0.8471374760357301,-1.6028051594496255,1.0604896729147244,-0.06059945805269314,36.53900000000001
128,0.9368914975809483,0.6212594222073595,-0.7311026499474121,-1.1423035138707718,0.654238983907062,-0.2318342749010083,0.8142583702739156,-0.06059945805269314,65.45449999999998
129,0.6287912085609744,0.9085557853532248,-0.7311026499474121,-0.44073087773283653,0.6689253906431722,-0.2607225249989117,-0.0894717695510699,-0.06059945805269314,44.446500000000015
130,0.28829111096561133,1.0766448167123586,-0.7311026499474121,0.23827978090808108,0.5689735935901935,-0.2882948455459728,-1.1118005594869906,-0.06059945805269314,41.281499999999994
131,0.7655050451590991,0.8156277871562662,-0.7311026499474121,-0.8725065734919942,0.9384306326290517,2.1190714909911197,-1.766127293675925,-0.06059945805269314,49.79849999999999
132,0.6287912085609744,0.9085557853532248,-0.7311026499474121,-0.44073087773283653,0.6689253906431722,-0.2607225249989117,-0.0894717695510699,-0.06059945805269314,44.446500000000015
133,-0.07996000412409454,0.9340044040851992,-0.7311026499474121,-1.2578643069471356,0.6393137633699955,0.5391233743067438,0.3735723703773421,-0.06059945805269314,35.67
134,0.6287912085609744,0.9085557853532248,-0.7311026499474121,-0.44073087773283653,0.6689253906431722,-0.2607225249989117,-0.0894717695510699,-0.06059945805269314,44.446500000000015
135,1.2027086882829656,0.8812253583121047,-0.7311026499474121,0.3127611989489435,0.6317591459188523,-1.1114530304837489,-0.5828019651551696,-0.06059945805269314,43.799499999999995
136,0.8466501637659496,0.9085557853532248,-0.7311026499474121,-1.206241818994586,1.2213036947508558,-0.2607225249989117,-0.0894717695510699,-0.06059945805269314,56.825999999999986
137,0.6287912085609744,0.9085557853532248,-0.7311026499474121,-0.44073087773283653,0.6689253906431722,-0.2607225249989117,-0.0894717695510699,-0.06059945805269314,44.446500000000015
138,0.4170954954232024,0.9085557853532248,-0.7311026499474121,-0.07236323611563836,0.501575927162354,-0.2607225249989117,-0.0894717695510699,-0.06059945805269314,37.325
139,0.7216905035207168,0.9089965197135969,-0.7311026499474121,-0.2464914068889549,0.5525824287521588,-0.5194263770833659,-0.08050438339412144,0.44665567855947275,42.88850000000001
140,0.1903301105226517,1.045077016211942,-0.7311026499474121,-0.05093209269164662,0.4193226437778501,1.0757524126732088,-1.6819347632581114,0.44665567855947275,41.218
141,1.1054047627032701,0.6691879743719117,-0.7311026499474121,-0.8887796436330759,0.9704529791837063,-1.6028051594496255,1.117626865833445,0.44665567855947275,50.74799999999999
142,1.1054047627032701,0.6691879743719117,-0.7311026499474121,-0.9749104983562368,1.074475207913065,-0.3810897624914574,0.3735723703773421,0.44665567855947275,53.180499999999995
143,0.7297043810147513,0.6173011127173677,-0.7311026499474121,-2.0927070526545135,1.275540278872166,-1.6028051594496255,1.964562377955886,0.44665567855947275,49.817499999999995
144,1.4393623121420496,0.7153506552742523,-0.7311026499474121,0.14564939686064116,0.44756735964606637,-1.6028051594496255,0.16249472937272455,0.44665567855947275,44.4215
145,1.4011900131287027,0.7097180598860111,-0.7311026499474121,-1.5632028060779282,1.5582170518307035,-1.6028051594496255,0.7109607873128795,0.44665567855947275,58.21499999999999
146,1.1054047627032701,0.6691879743719117,-0.7311026499474121,-0.8887796436330759,0.9704529791837063,-1.6028051594496255,1.117626865833445,0.44665567855947275,50.74799999999999
147,0.8366258829094803,0.6316356299619239,-0.7311026499474121,-0.7120490266012545,0.704645105552559,-1.6028051594496255,1.4386354356481976,0.44665567855947275,44.4015
148,1.775759963090733,-1.2895168921837101,-0.7311026499474121,-1.384395143945405,1.4403784389019036,-1.6028051594496255,1.1734913616006317,0.44665567855947275,70.40499999999999
149,1.1054047627032701,0.6691879743719117,-0.7311026499474121,-0.8887796436330759,0.9704529791837063,-1.6028051594496255,1.117626865833445,0.44665567855947275,50.74799999999999
150,0.24253344054856465,0.9574069663655649,-0.7311026499474121,-0.7997940094445819,0.8471374760357301,-1.6028051594496255,1.0604896729147244,0.44665567855947275,36.53900000000001
151,0.9368914975809483,0.6212594222073595,-0.7311026499474121,-1.1423035138707718,0.654238983907062,-0.2318342749010083,0.8142583702739156,0.44665567855947275,65.45449999999998
152,0.6287912085609744,0.9085557853532248,-0.7311026499474121,-0.44073087773283653,0.6689253906431722,-0.2607225249989117,-0.0894717695510699,0.44665567855947275,44.446500000000015
153,0.28829111096561133,1.0766448167123586,-0.7311026499474121,0.23827978090808108,0.5689735935901935,-0.2882948455459728,-1.1118005594869906,0.44665567855947275,41.8005
154,0.7655050451590991,0.8156277871562662,-0.7311026499474121,-0.8725065734919942,0.9384306326290517,2.1190714909911197,-1.766127293675925,0.44665567855947275,49.79849999999999
155,0.6287912085609744,0.9085557853532248,-0.7311026499474121,-0.44073087773283653,0.6689253906431722,-0.2607225249989117,-0.0894717695510699,0.44665567855947275,44.446500000000015
156,-0.07996000412409454,0.9340044040851992,-0.7311026499474121,-1.2578643069471356,0.6393137633699955,0.5391233743067438,0.3735723703773421,0.44665567855947275,35.67
157,0.6287912085609744,0.9085557853532248,-0.7311026499474121,-0.44073087773283653,0.6689253906431722,-0.2607225249989117,-0.0894717695510699,0.44665567855947275,44.446500000000015
158,1.2027086882829656,0.8812253583121047,-0.7311026499474121,0.3127611989489435,0.6317591459188523,-1.1114530304837489,-0.5828019651551696,0.44665567855947275,44.3185
159,0.8466501637659496,0.9085557853532248,-0.7311026499474121,-1.206241818994586,1.2213036947508558,-0.2607225249989117,-0.0894717695510699,0.44665567855947275,56.825999999999986
160,0.6287912085609744,0.9085557853532248,-0.7311026499474121,-0.44073087773283653,0.6689253906431722,-0.2607225249989117,-0.0894717695510699,0.44665567855947275,44.446500000000015
161,0.4170954954232024,0.9085557853532248,-0.7311026499474121,-0.07236323611563836,0.501575927162354,-0.2607225249989117,-0.0894717695510699,0.44665567855947275,37.325
162,0.7216905035207168,0.9089965197135969,-0.7311026499474121,-0.2464914068889549,0.5525824287521588,-0.5194263770833659,-0.08050438339412144,0.8060193559873011,46.731
163,0.1903301105226517,1.045077016211942,-0.7311026499474121,-0.05093209269164662,0.4193226437778501,1.0757524126732088,-1.6819347632581114,0.8060193559873011,41.47
164,1.1054047627032701,0.6691879743719117,-0.7311026499474121,-0.8887796436330759,0.9704529791837063,-1.6028051594496255,1.117626865833445,0.8060193559873011,51.69
165,1.1054047627032701,0.6691879743719117,-0.7311026499474121,-0.9749104983562368,1.074475207913065,-0.3810897624914574,0.3735723703773421,0.8060193559873011,55.46999999999999
166,0.7297043810147513,0.6173011127173677,-0.7311026499474121,-2.0927070526545135,1.275540278872166,-1.6028051594496255,1.964562377955886,0.8060193559873011,51.15599999999999
167,1.4393623121420496,0.7153506552742523,-0.7311026499474121,0.14564939686064116,0.44756735964606637,-1.6028051594496255,0.16249472937272455,0.8060193559873011,47.765499999999996
168,1.4011900131287027,0.7097180598860111,-0.7311026499474121,-1.5632028060779282,1.5582170518307035,-1.6028051594496255,0.7109607873128795,0.8060193559873011,58.380999999999986
169,1.1054047627032701,0.6691879743719117,-0.7311026499474121,-0.8887796436330759,0.9704529791837063,-1.6028051594496255,1.117626865833445,0.8060193559873011,51.69
170,0.8366258829094803,0.6316356299619239,-0.7311026499474121,-0.7120490266012545,0.704645105552559,-1.6028051594496255,1.4386354356481976,0.8060193559873011,46.06399999999999
171,1.775759963090733,-1.2895168921837101,-0.7311026499474121,-1.384395143945405,1.4403784389019036,-1.6028051594496255,1.1734913616006317,0.8060193559873011,70.99349999999997
172,1.1054047627032701,0.6691879743719117,-0.7311026499474121,-0.8887796436330759,0.9704529791837063,-1.6028051594496255,1.117626865833445,0.8060193559873011,51.69
173,0.24253344054856465,0.9574069663655649,-0.7311026499474121,-0.7997940094445819,0.8471374760357301,-1.6028051594496255,1.0604896729147244,0.8060193559873011,41.219500000000004
174,0.9368914975809483,0.6212594222073595,-0.7311026499474121,-1.1423035138707718,0.654238983907062,-0.2318342749010083,0.8142583702739156,0.8060193559873011,66.55449999999999
175,0.6287912085609744,0.9085557853532248,-0.7311026499474121,-0.44073087773283653,0.6689253906431722,-0.2607225249989117,-0.0894717695510699,0.8060193559873011,48.297000000000004
176,0.7655050451590991,0.8156277871562662,-0.7311026499474121,-0.8725065734919942,0.9384306326290517,2.1190714909911197,-1.766127293675925,0.8060193559873011,50.748499999999986
177,0.6287912085609744,0.9085557853532248,-0.7311026499474121,-0.44073087773283653,0.6689253906431722,-0.2607225249989117,-0.0894717695510699,0.8060193559873011,48.297000000000004
178,-0.07996000412409454,0.9340044040851992,-0.7311026499474121,-1.2578643069471356,0.6393137633699955,0.5391233743067438,0.3735723703773421,0.8060193559873011,37.40500000000001
179,0.6287912085609744,0.9085557853532248,-0.7311026499474121,-0.44073087773283653,0.6689253906431722,-0.2607225249989117,-0.0894717695510699,0.8060193559873011,48.297000000000004
180,1.2027086882829656,0.8812253583121047,-0.7311026499474121,0.3127611989489435,0.6317591459188523,-1.1114530304837489,-0.5828019651551696,0.8060193559873011,48.002
181,0.8466501637659496,0.9085557853532248,-0.7311026499474121,-1.206241818994586,1.2213036947508558,-0.2607225249989117,-0.0894717695510699,0.8060193559873011,58.54399999999998
182,0.6287912085609744,0.9085557853532248,-0.7311026499474121,-0.44073087773283653,0.6689253906431722,-0.2607225249989117,-0.0894717695510699,0.8060193559873011,48.297000000000004
183,0.4170954954232024,0.9085557853532248,-0.7311026499474121,-0.07236323611563836,0.501575927162354,-0.2607225249989117,-0.0894717695510699,0.8060193559873011,41.79800000000001
184,-0.8369659420465598,-1.2895168921837101,1.335572584801567,0.42285624610415284,-0.09195075736800917,0.0441641002748921,0.9735313443789251,-1.5476362089796412,11.711
185,-0.8369659420465598,-1.2895168921837101,1.335572584801567,0.42285624610415284,-0.09195075736800917,0.0441641002748921,0.9735313443789251,-0.5554615232483001,17.6315
186,-0.8369659420465598,-1.2895168921837101,1.335572584801567,0.42285624610415284,-0.09195075736800917,0.0441641002748921,0.9735313443789251,-0.06059945805269314,23.807
187,-0.8369659420465598,-1.2895168921837101,1.335572584801567,0.42285624610415284,-0.09195075736800917,0.0441641002748921,0.9735313443789251,0.44665567855947275,23.807
188,-0.8369659420465598,-1.2895168921837101,1.335572584801567,0.42285624610415284,-0.09195075736800917,0.0441641002748921,0.9735313443789251,0.8760788822862583,26.831
189,-0.6871969933308434,-1.2895168921837101,1.3257717965966942,0.7010362378716646,-0.07541191642334166,-0.2290863519567512,0.8151427467839463,-1.5476362089796412,13.376000000000001
190,-0.6871969933308434,-1.2895168921837101,1.3257717965966942,0.7010362378716646,-0.07541191642334166,-0.2290863519567512,0.8151427467839463,-0.5554615232483001,18.270999999999997
191,-0.6871969933308434,-1.2895168921837101,1.3257717965966942,0.7010362378716646,-0.07541191642334166,-0.2290863519567512,0.8151427467839463,-0.06059945805269314,24.060000000000002
192,-0.6871969933308434,-1.2895168921837101,1.3257717965966942,0.7010362378716646,-0.07541191642334166,-0.2290863519567512,0.8151427467839463,0.44665567855947275,24.060000000000002
193,-0.6871969933308434,-1.2895168921837101,1.3257717965966942,0.7010362378716646,-0.07541191642334166,-0.2290863519567512,0.8151427467839463,0.8760788822862583,27.898999999999994
194,-1.23532810467988,-1.2895168921837101,1.3527834787386153,-0.4142314433380998,0.30761935902165455,0.5624147916846872,1.2756795464902102,-1.5476362089796412,11.733500000000001
195,-1.23532810467988,-1.2895168921837101,1.3527834787386153,-0.4142314433380998,0.30761935902165455,0.5624147916846872,1.2756795464902102,-0.5554615232483001,15.5815
196,-1.23532810467988,-1.2895168921837101,1.3527834787386153,-0.4142314433380998,0.30761935902165455,0.5624147916846872,1.2756795464902102,-0.06059945805269314,23.640500000000003
197,-1.23532810467988,-1.2895168921837101,1.3527834787386153,-0.4142314433380998,0.30761935902165455,0.5624147916846872,1.2756795464902102,0.44665567855947275,23.640500000000003
198,-1.23532810467988,-1.2895168921837101,1.3527834787386153,-0.4142314433380998,0.30761935902165455,0.5624147916846872,1.2756795464902102,0.8760788822862583,25.3005
199,-1.2974719594101938,-1.2895168921837101,1.4517409572603919,-0.5478586790597353,0.33945656808172275,1.600696021969286,0.3763847173764224,-1.5476362089796412,11.5955
200,-1.2974719594101938,-1.2895168921837101,1.4517409572603919,-0.5478586790597353,0.33945656808172275,1.600696021969286,0.3763847173764224,-0.5554615232483001,14.472499999999997
201,-1.2974719594101938,-1.2895168921837101,1.4517409572603919,-0.5478586790597353,0.33945656808172275,1.600696021969286,0.3763847173764224,-0.06059945805269314,17.564
202,-1.2974719594101938,-1.2895168921837101,1.4517409572603919,-0.5478586790597353,0.33945656808172275,1.600696021969286,0.3763847173764224,0.44665567855947275,17.564
203,-1.2974719594101938,-1.2895168921837101,1.4517409572603919,-0.5478586790597353,0.33945656808172275,1.600696021969286,0.3763847173764224,0.8760788822862583,19.5815
204,-0.9790076814655445,-1.2895168921837101,1.4379728435143668,0.11793947264437854,0.08920168560190089,1.2080625503594156,0.1412519101053211,-1.5476362089796412,14.116
205,-0.9790076814655445,-1.2895168921837101,1.4379728435143668,0.11793947264437854,0.08920168560190089,1.2080625503594156,0.1412519101053211,-0.5554615232483001,16.865499999999997
206,-0.9790076814655445,-1.2895168921837101,1.4379728435143668,0.11793947264437854,0.08920168560190089,1.2080625503594156,0.1412519101053211,-0.06059945805269314,20.6625
207,-0.9790076814655445,-1.2895168921837101,1.4379728435143668,0.11793947264437854,0.08920168560190089,1.2080625503594156,0.1412519101053211,0.44665567855947275,20.6625
208,-0.9790076814655445,-1.2895168921837101,1.4379728435143668,0.11793947264437854,0.08920168560190089,1.2080625503594156,0.1412519101053211,0.8760788822862583,23.0815
209,-0.7362963867451234,-1.2895168921837101,1.4256655802200675,0.6246334012933057,-0.07541191642334166,0.8564178124045877,-0.06160816241243909,-1.5476362089796412,16.427
210,-0.7362963867451234,-1.2895168921837101,1.4256655802200675,0.6246334012933057,-0.07541191642334166,0.8564178124045877,-0.06160816241243909,-0.5554615232483001,18.997999999999998
211,-0.7362963867451234,-1.2895168921837101,1.4256655802200675,0.6246334012933057,-0.07541191642334166,0.8564178124045877,-0.06160816241243909,-0.06059945805269314,23.488500000000002
212,-0.7362963867451234,-1.2895168921837101,1.4256655802200675,0.6246334012933057,-0.07541191642334166,0.8564178124045877,-0.06160816241243909,0.44665567855947275,23.488500000000002
213,-0.7362963867451234,-1.2895168921837101,1.4256655802200675,0.6246334012933057,-0.07541191642334166,0.8564178124045877,-0.06160816241243909,0.8760788822862583,26.151
214,-1.3037575162031145,-1.2895168921837101,1.4510267023793888,-0.5555808964343156,0.5358932264608044,1.5779950544150714,0.36325145350922416,-1.5476362089796412,11.5955
215,-1.3037575162031145,-1.2895168921837101,1.4510267023793888,-0.5555808964343156,0.5358932264608044,1.5779950544150714,0.36325145350922416,-0.5554615232483001,14.472499999999997
216,-1.3037575162031145,-1.2895168921837101,1.4510267023793888,-0.5555808964343156,0.5358932264608044,1.5779950544150714,0.36325145350922416,-0.06059945805269314,17.642500000000002
217,-1.3037575162031145,-1.2895168921837101,1.4510267023793888,-0.5555808964343156,0.5358932264608044,1.5779950544150714,0.36325145350922416,0.44665567855947275,17.642500000000002
218,-1.3037575162031145,-1.2895168921837101,1.4510267023793888,-0.5555808964343156,0.5358932264608044,1.5779950544150714,0.36325145350922416,0.8760788822862583,19.660000000000004
219,-1.7107543898726476,-1.2895168921837101,1.570025945013638,-0.015374899971858966,-0.09195075736800917,1.2203595777539875,0.14898349339919048,-1.5476362089796412,13.612500000000002
220,-1.7107543898726476,-1.2895168921837101,1.570025945013638,-0.015374899971858966,-0.09195075736800917,1.2203595777539875,0.14898349339919048,-0.5554615232483001,15.160999999999998
221,-1.7107543898726476,-1.2895168921837101,1.570025945013638,-0.015374899971858966,-0.09195075736800917,1.2203595777539875,0.14898349339919048,-0.06059945805269314,18.87
222,-1.7107543898726476,-1.2895168921837101,1.570025945013638,-0.015374899971858966,-0.09195075736800917,1.2203595777539875,0.14898349339919048,0.44665567855947275,18.87
223,-1.7107543898726476,-1.2895168921837101,1.570025945013638,-0.015374899971858966,-0.09195075736800917,1.2203595777539875,0.14898349339919048,0.8760788822862583,21.1205
224,-1.6767314298879552,0.28709052517515754,1.5713965077913599,-2.334025037200127,0.08920168560190089,1.2215886421389859,0.14898349339919048,-1.5476362089796412,15.611
225,-1.6767314298879552,0.28709052517515754,1.5713965077913599,-2.334025037200127,0.08920168560190089,1.2215886421389859,0.14898349339919048,-0.5554615232483001,17.003
226,-1.6767314298879552,0.28709052517515754,1.5713965077913599,-2.334025037200127,0.08920168560190089,1.2215886421389859,0.14898349339919048,-0.06059945805269314,20.738
227,-1.6767314298879552,0.28709052517515754,1.5713965077913599,-2.334025037200127,0.08920168560190089,1.2215886421389859,0.14898349339919048,0.44665567855947275,20.738
228,-1.6767314298879552,0.28709052517515754,1.5713965077913599,-2.334025037200127,0.08920168560190089,1.2215886421389859,0.14898349339919048,0.8760788822862583,22.978500000000004
229,-0.9564982976288685,0.6358843273429671,0.7297092998826267,0.16635206806383304,0.24042735713395366,1.3085570756254783,0.2000060908850154,-1.5476362089796412,12.532999999999998
230,-0.9564982976288685,0.6358843273429671,0.7297092998826267,0.16635206806383304,0.24042735713395366,1.3085570756254783,0.2000060908850154,-0.5554615232483001,16.5735
231,-0.9564982976288685,0.6358843273429671,0.7297092998826267,0.16635206806383304,0.24042735713395366,1.3085570756254783,0.2000060908850154,-0.06059945805269314,19.395500000000006
232,-0.9564982976288685,0.6358843273429671,0.7297092998826267,0.16635206806383304,0.24042735713395366,1.3085570756254783,0.2000060908850154,0.44665567855947275,19.395500000000006
233,-0.9564982976288685,0.6358843273429671,0.7297092998826267,0.16635206806383304,0.24042735713395366,1.3085570756254783,0.2000060908850154,0.8760788822862583,21.926000000000002
234,-0.955097036034039,0.6358843273429671,0.7297092998826267,0.16635206806383304,0.2168906614137881,1.3109985004608218,0.20096547268892304,-1.5476362089796412,12.532999999999998
235,-0.955097036034039,0.6358843273429671,0.7297092998826267,0.16635206806383304,0.2168906614137881,1.3109985004608218,0.20096547268892304,-0.5554615232483001,16.5735
236,-0.955097036034039,0.6358843273429671,0.7297092998826267,0.16635206806383304,0.2168906614137881,1.3109985004608218,0.20096547268892304,-0.06059945805269314,19.395500000000006
237,-0.955097036034039,0.6358843273429671,0.7297092998826267,0.16635206806383304,0.2168906614137881,1.3109985004608218,0.20096547268892304,0.44665567855947275,19.395500000000006
238,-0.955097036034039,0.6358843273429671,0.7297092998826267,0.16635206806383304,0.2168906614137881,1.3109985004608218,0.20096547268892304,0.8760788822862583,21.926000000000002
239,-0.7402069905710095,-1.2895168921837101,1.425287339641844,0.6150174996966331,0.14242707829354395,0.8399760379753708,-0.07154764242538246,-1.5476362089796412,16.427
240,-0.7402069905710095,-1.2895168921837101,1.425287339641844,0.6150174996966331,0.14242707829354395,0.8399760379753708,-0.07154764242538246,-0.5554615232483001,18.997999999999998
241,-0.7402069905710095,-1.2895168921837101,1.425287339641844,0.6150174996966331,0.14242707829354395,0.8399760379753708,-0.07154764242538246,-0.06059945805269314,23.488500000000002
242,-0.7402069905710095,-1.2895168921837101,1.425287339641844,0.6150174996966331,0.14242707829354395,0.8399760379753708,-0.07154764242538246,0.44665567855947275,23.488500000000002
243,-0.7402069905710095,-1.2895168921837101,1.425287339641844,0.6150174996966331,0.14242707829354395,0.8399760379753708,-0.07154764242538246,0.8760788822862583,26.151
244,-0.632586506831935,-1.2895168921837101,1.3234065480561408,0.336276168709425,0.2519731802970314,-0.18930648621674395,0.7690171592424435,-1.5476362089796412,12.638
245,-0.632586506831935,-1.2895168921837101,1.3234065480561408,0.336276168709425,0.2519731802970314,-0.18930648621674395,0.7690171592424435,-0.5554615232483001,18.137999999999998
246,-0.632586506831935,-1.2895168921837101,1.3234065480561408,0.336276168709425,0.2519731802970314,-0.18930648621674395,0.7690171592424435,-0.06059945805269314,24.285
247,-0.632586506831935,-1.2895168921837101,1.3234065480561408,0.336276168709425,0.2519731802970314,-0.18930648621674395,0.7690171592424435,0.44665567855947275,24.285
248,-0.632586506831935,-1.2895168921837101,1.3234065480561408,0.336276168709425,0.2519731802970314,-0.18930648621674395,0.7690171592424435,0.8760788822862583,28.156
249,-0.48642601118408363,-1.2895168921837101,1.3309320926040151,0.3597036058088272,0.06138498598709052,-0.09378377675448837,0.8943151226288005,-1.5476362089796412,12.8185
250,-0.48642601118408363,-1.2895168921837101,1.3309320926040151,0.3597036058088272,0.06138498598709052,-0.09378377675448837,0.8943151226288005,-0.5554615232483001,18.252499999999998
251,-0.48642601118408363,-1.2895168921837101,1.3309320926040151,0.3597036058088272,0.06138498598709052,-0.09378377675448837,0.8943151226288005,-0.06059945805269314,29.379999999999995
252,-0.48642601118408363,-1.2895168921837101,1.3309320926040151,0.3597036058088272,0.06138498598709052,-0.09378377675448837,0.8943151226288005,0.44665567855947275,29.379999999999995
253,-0.48642601118408363,-1.2895168921837101,1.3309320926040151,0.3597036058088272,0.06138498598709052,-0.09378377675448837,0.8943151226288005,0.8760788822862583,33.89399999999999
254,-0.9733645307812512,-1.2895168921837101,1.3523388736133117,-0.6568415991696275,0.4288344474343125,0.580501584636634,1.2565201281580505,-1.5476362089796412,12.580000000000002
255,-0.9733645307812512,-1.2895168921837101,1.3523388736133117,-0.6568415991696275,0.4288344474343125,0.580501584636634,1.2565201281580505,-0.5554615232483001,17.036499999999997
256,-0.9733645307812512,-1.2895168921837101,1.3523388736133117,-0.6568415991696275,0.4288344474343125,0.580501584636634,1.2565201281580505,-0.06059945805269314,24.943
257,-0.9733645307812512,-1.2895168921837101,1.3523388736133117,-0.6568415991696275,0.4288344474343125,0.580501584636634,1.2565201281580505,0.44665567855947275,24.943
258,-0.9733645307812512,-1.2895168921837101,1.3523388736133117,-0.6568415991696275,0.4288344474343125,0.580501584636634,1.2565201281580505,0.8760788822862583,28.134000000000004
259,-0.9719553950867971,-1.2895168921837101,1.3523388736133117,-0.6529166808193518,0.5770607017531799,0.5287582478177254,1.2581880972566246,-1.5476362089796412,12.580000000000002
260,-0.9719553950867971,-1.2895168921837101,1.3523388736133117,-0.6529166808193518,0.5770607017531799,0.5287582478177254,1.2581880972566246,-0.5554615232483001,17.036499999999997
261,-0.9719553950867971,-1.2895168921837101,1.3523388736133117,-0.6529166808193518,0.5770607017531799,0.5287582478177254,1.2581880972566246,-0.06059945805269314,24.943
262,-0.9719553950867971,-1.2895168921837101,1.3523388736133117,-0.6529166808193518,0.5770607017531799,0.5287582478177254,1.2581880972566246,0.44665567855947275,24.943
263,-0.9719553950867971,-1.2895168921837101,1.3523388736133117,-0.6529166808193518,0.5770607017531799,0.5287582478177254,1.2581880972566246,0.8760788822862583,28.134000000000004
264,-0.9804201242140832,-1.2895168921837101,1.4495947905003006,-0.6686310619440371,0.33945656808172275,1.5456675654985932,0.3340890453091072,-1.5476362089796412,13.354500000000002
265,-0.9804201242140832,-1.2895168921837101,1.4495947905003006,-0.6686310619440371,0.33945656808172275,1.5456675654985932,0.3340890453091072,-0.5554615232483001,16.8735
266,-0.9804201242140832,-1.2895168921837101,1.4495947905003006,-0.6686310619440371,0.33945656808172275,1.5456675654985932,0.3340890453091072,-0.06059945805269314,17.625000000000004
267,-0.9804201242140832,-1.2895168921837101,1.4495947905003006,-0.6686310619440371,0.33945656808172275,1.5456675654985932,0.3340890453091072,0.44665567855947275,17.625000000000004
268,-0.9804201242140832,-1.2895168921837101,1.4495947905003006,-0.6686310619440371,0.33945656808172275,1.5456675654985932,0.3340890453091072,0.8760788822862583,20.1555
269,-0.712938888719854,-1.2895168921837101,1.4379728435143668,-0.1046474091231719,0.2168906614137881,1.1932907747727857,0.1335123959642678,-1.5476362089796412,14.001500000000002
270,-0.712938888719854,-1.2895168921837101,1.4379728435143668,-0.1046474091231719,0.2168906614137881,1.1932907747727857,0.1335123959642678,-0.5554615232483001,17.310499999999998
271,-0.712938888719854,-1.2895168921837101,1.4379728435143668,-0.1046474091231719,0.2168906614137881,1.1932907747727857,0.1335123959642678,-0.06059945805269314,20.839
272,-0.712938888719854,-1.2895168921837101,1.4379728435143668,-0.1046474091231719,0.2168906614137881,1.1932907747727857,0.1335123959642678,0.44665567855947275,20.839
273,-0.712938888719854,-1.2895168921837101,1.4379728435143668,-0.1046474091231719,0.2168906614137881,1.1932907747727857,0.1335123959642678,0.8760788822862583,23.299
274,-0.4696882131298443,-1.2895168921837101,1.4256655802200675,0.396342857252986,0.10280016896921591,0.8437721363494072,-0.07055310499736765,-1.5476362089796412,16.934499999999996
275,-0.4696882131298443,-1.2895168921837101,1.4256655802200675,0.396342857252986,0.10280016896921591,0.8437721363494072,-0.07055310499736765,-0.5554615232483001,20.233999999999995
276,-0.4696882131298443,-1.2895168921837101,1.4256655802200675,0.396342857252986,0.10280016896921591,0.8437721363494072,-0.07055310499736765,-0.06059945805269314,30.47949999999999
277,-0.4696882131298443,-1.2895168921837101,1.4256655802200675,0.396342857252986,0.10280016896921591,0.8437721363494072,-0.07055310499736765,0.44665567855947275,30.47949999999999
278,-0.4696882131298443,-1.2895168921837101,1.4256655802200675,0.396342857252986,0.10280016896921591,0.8437721363494072,-0.07055310499736765,0.8760788822862583,33.19449999999999
279,-0.4696882131298443,-1.2895168921837101,1.4256655802200675,0.396342857252986,0.18041377521890195,0.8437721363494072,-0.07055310499736765,-1.5476362089796412,16.934499999999996
280,-0.4696882131298443,-1.2895168921837101,1.4256655802200675,0.396342857252986,0.18041377521890195,0.8437721363494072,-0.07055310499736765,-0.5554615232483001,20.233999999999995
281,-0.4696882131298443,-1.2895168921837101,1.4256655802200675,0.396342857252986,0.18041377521890195,0.8437721363494072,-0.07055310499736765,-0.06059945805269314,30.47949999999999
282,-0.4696882131298443,-1.2895168921837101,1.4256655802200675,0.396342857252986,0.18041377521890195,0.8437721363494072,-0.07055310499736765,0.44665567855947275,30.47949999999999
283,-0.4696882131298443,-1.2895168921837101,1.4256655802200675,0.396342857252986,0.18041377521890195,0.8437721363494072,-0.07055310499736765,0.8760788822862583,33.19449999999999
